TweetID,is_misinfo,category,Breaking News,Normal News,Pro-life,Pro-Choice,Note
1540348242960846849,No,Opinion,No,No,Yes,No,"This tweet expresses an opinion regarding the stance of Justice Clarence Thomas on certain rulings. It indicates a pro-life perspective as it suggests that the Supreme Court should reconsider rulings that protect contraception, same-sex relationships, and same-sex marriage. It does not contain misinformation and does not classify as breaking news or normal news since it does not report on recent events or provide objective information."
1540345715616006148,No,Opinion,No,No,No,Yes,"This tweet expresses an opinion regarding the Supreme Court's decision to overturn Roe v. Wade. It conveys a pro-choice perspective and expresses sadness or heartbreak over the loss of the right to make informed decisions about one's own body. The tweet does not contain misinformation and does not classify as breaking news or normal news since it does not report on recent events or provide objective information."
1540341761658085376,No,News,Yes,No,No,No,"This tweet provides news about the Supreme Court officially overturning the Roe v. Wade case, which had established constitutional protections for abortion in the United States. It qualifies as breaking news since it reports on a recent and significant event. The tweet does not express a pro-life or pro-choice opinion and does not contain misinformation."
1540338100521603074,No,News,No,Yes,Yes,No,"This tweet reports on pro-life protesters reacting to the Supreme Court striking down Roe v Wade. It qualifies as normal news since it provides information about a specific event or development but does not indicate that it is breaking news. The tweet expresses a pro-life perspective as it mentions pro-life protesters. It does not contain misinformation."
1521296227291312133,No,News,Yes,No,No,No,"This tweet provides breaking news about the current situation at the Supreme Court building, stating that barricades are up shortly after leaked reports from Politico indicated that the Supreme Court has voted to overturn Roe v. Wade. It qualifies as breaking news as it reports on a recent and significant event. The tweet does not express a pro-life or pro-choice opinion and does not contain misinformation."
1540343622486327296,No,News,Yes,No,Yes,No,"This tweet provides breaking news and contains a statement from Governor Greg Abbott following the U.S. Supreme Court's decision to overturn Roe v. Wade. It expresses a pro-life perspective, indicating support for the decision and the right of states to protect unborn children. The tweet does not contain misinformation and qualifies as breaking news since it reports on a recent and significant event."
1521328439759761408,No,News,No,Yes,No,Yes,"This tweet provides news about the abortion rights debate in Mexico and its outcome. It mentions a march to the presidential palace and an attempt to burn it down as a response to the debate. The tweet states that the Mexican government quickly decriminalized abortion nationwide soon after that. It qualifies as normal news since it provides information about a specific event or development but does not indicate that it is breaking news. The tweet does not express a pro-life or pro-choice opinion and does not contain misinformation."
1540337296473526272,No,News,Yes,No,No,No,"This tweet provides breaking news about the U.S. Supreme Court overturning the landmark Roe v. Wade case, which ends nearly 50 years of constitutional protections for abortion. It also mentions that bans are expected in roughly half the states. It qualifies as breaking news as it reports on a recent and significant event. The tweet does not express a pro-life or pro-choice opinion and does not contain misinformation."
1540405941094326272,No,Opinion,No,No,No,Yes,"This tweet expresses an opinion from Megan Thee Stallion regarding the overturning of Roe v. Wade. She expresses disappointment in the court's decision and vows to continue fighting for access to healthcare. The tweet falls under the category of opinion as it represents a personal viewpoint. It does not contain misinformation and does not classify as breaking news or normal news since it does not report on recent events or provide objective information."
1522330619618996225,No,News,No,Yes,No,Yes,"This tweet provides a conversation between a reporter and Jen Psaki, where the reporter asks about President Biden's stance on abortion limits. Psaki responds by saying that President Biden does not support any limits on abortion. When asked if the president supports abortion until the moment of birth, Psaki responds with ""Yes."" The tweet qualifies as normal news since it reports on a specific conversation. It indicates a pro-choice perspective based on Psaki's responses. The tweet does not contain misinformation."





